Model,MAPE,RMSE,MAE
lightgbm,10.403534232411948,12679.487680556553,10826.719350606532
exponential_smoothing,8.618116495098906,10825.370286011563,8011.027303086644
nbeats,28.168099106086448,39252.662655530905,31070.82052001926
